{
    "name": "root",
    "gauges": {
        "RiskAversion.Policy.Entropy.mean": {
            "value": 0.12604479491710663,
            "min": 0.12604479491710663,
            "max": 2.050341844558716,
            "count": 4
        },
        "RiskAversion.Policy.Entropy.sum": {
            "value": 6299.970703125,
            "min": 6299.970703125,
            "max": 102687.265625,
            "count": 4
        },
        "RiskAversion.Environment.EpisodeLength.mean": {
            "value": 2.0657346087809665,
            "min": 2.0657346087809665,
            "max": 5.364087554085009,
            "count": 4
        },
        "RiskAversion.Environment.EpisodeLength.sum": {
            "value": 33688.0,
            "min": 33688.0,
            "max": 42151.0,
            "count": 4
        },
        "RiskAversion.Step.mean": {
            "value": 199999.0,
            "min": 49989.0,
            "max": 199999.0,
            "count": 4
        },
        "RiskAversion.Step.sum": {
            "value": 199999.0,
            "min": 49989.0,
            "max": 199999.0,
            "count": 4
        },
        "RiskAversion.Policy.ExtrinsicValueEstimate.mean": {
            "value": 9.893988609313965,
            "min": -10.414491653442383,
            "max": 9.899295806884766,
            "count": 4
        },
        "RiskAversion.Policy.ExtrinsicValueEstimate.sum": {
            "value": 161361.0625,
            "min": -81816.25,
            "max": 161361.0625,
            "count": 4
        },
        "RiskAversion.Environment.CumulativeReward.mean": {
            "value": 10.0,
            "min": -25.21130346232179,
            "max": 10.0,
            "count": 4
        },
        "RiskAversion.Environment.CumulativeReward.sum": {
            "value": 163090.0,
            "min": -198060.0,
            "max": 163090.0,
            "count": 4
        },
        "RiskAversion.Policy.ExtrinsicReward.mean": {
            "value": 10.0,
            "min": -25.21130346232179,
            "max": 10.0,
            "count": 4
        },
        "RiskAversion.Policy.ExtrinsicReward.sum": {
            "value": 163090.0,
            "min": -198060.0,
            "max": 163090.0,
            "count": 4
        },
        "RiskAversion.Losses.PolicyLoss.mean": {
            "value": 0.02329296761813263,
            "min": 0.02175142220997562,
            "max": 0.03164864742429927,
            "count": 4
        },
        "RiskAversion.Losses.PolicyLoss.sum": {
            "value": 0.11646483809066314,
            "min": 0.1087571110498781,
            "max": 0.12659458969719709,
            "count": 4
        },
        "RiskAversion.Losses.ValueLoss.mean": {
            "value": 0.08020460344851016,
            "min": 0.08020460344851016,
            "max": 577.8430269877115,
            "count": 4
        },
        "RiskAversion.Losses.ValueLoss.sum": {
            "value": 0.4010230172425508,
            "min": 0.4010230172425508,
            "max": 2311.372107950846,
            "count": 4
        },
        "RiskAversion.Policy.LearningRate.mean": {
            "value": 0.00019544115485296007,
            "min": 0.00019544115485296007,
            "max": 0.00028461285512905,
            "count": 4
        },
        "RiskAversion.Policy.LearningRate.sum": {
            "value": 0.0009772057742648004,
            "min": 0.0009772057742648004,
            "max": 0.0012846786717737998,
            "count": 4
        },
        "RiskAversion.Policy.Epsilon.mean": {
            "value": 0.16514703999999997,
            "min": 0.16514703999999997,
            "max": 0.19487094999999996,
            "count": 4
        },
        "RiskAversion.Policy.Epsilon.sum": {
            "value": 0.8257351999999999,
            "min": 0.7794837999999998,
            "max": 0.9282261999999999,
            "count": 4
        },
        "RiskAversion.Policy.Beta.mean": {
            "value": 0.0032608372960000005,
            "min": 0.0032608372960000005,
            "max": 0.004744060405,
            "count": 4
        },
        "RiskAversion.Policy.Beta.sum": {
            "value": 0.016304186480000003,
            "min": 0.016304186480000003,
            "max": 0.021418487379999997,
            "count": 4
        },
        "RiskAversion.IsTraining.mean": {
            "value": 1.0,
            "min": 1.0,
            "max": 1.0,
            "count": 4
        },
        "RiskAversion.IsTraining.sum": {
            "value": 1.0,
            "min": 1.0,
            "max": 1.0,
            "count": 4
        }
    },
    "metadata": {
        "timer_format_version": "0.1.0",
        "start_time_seconds": "1698818367",
        "python_version": "3.7.0 (v3.7.0:1bf9cc5093, Jun 27 2018, 04:59:51) [MSC v.1914 64 bit (AMD64)]",
        "command_line_arguments": "D:\\Unity Projects\\ML Agents\\Grid-Worlds\\venv\\Scripts\\mlagents-learn --run-id=RiskAversion --force",
        "mlagents_version": "0.27.0",
        "mlagents_envs_version": "0.27.0",
        "communication_protocol_version": "1.5.0",
        "pytorch_version": "1.7.1+cu110",
        "numpy_version": "1.21.6",
        "end_time_seconds": "1698818754"
    },
    "total": 387.18693509999997,
    "count": 1,
    "self": 0.018836399999941023,
    "children": {
        "run_training.setup": {
            "total": 0.1890717999999989,
            "count": 1,
            "self": 0.1890717999999989
        },
        "TrainerController.start_learning": {
            "total": 386.9790269,
            "count": 1,
            "self": 0.5605557999966209,
            "children": {
                "TrainerController._reset_env": {
                    "total": 12.717480600000002,
                    "count": 1,
                    "self": 12.717480600000002
                },
                "TrainerController.advance": {
                    "total": 373.4593705000034,
                    "count": 29950,
                    "self": 0.4686186000064936,
                    "children": {
                        "env_step": {
                            "total": 218.52555619999632,
                            "count": 29950,
                            "self": 143.65452929999935,
                            "children": {
                                "SubprocessEnvManager._take_step": {
                                    "total": 74.56215489999794,
                                    "count": 29950,
                                    "self": 0.888200199999531,
                                    "children": {
                                        "TorchPolicy.evaluate": {
                                            "total": 73.6739546999984,
                                            "count": 15151,
                                            "self": 26.629235900001603,
                                            "children": {
                                                "TorchPolicy.sample_actions": {
                                                    "total": 47.0447187999968,
                                                    "count": 15151,
                                                    "self": 47.0447187999968
                                                }
                                            }
                                        }
                                    }
                                },
                                "workers": {
                                    "total": 0.3088719999990097,
                                    "count": 29949,
                                    "self": 0.0,
                                    "children": {
                                        "worker_root": {
                                            "total": 376.1758686000024,
                                            "count": 29949,
                                            "is_parallel": true,
                                            "self": 262.505682200004,