{
    "name": "root",
    "gauges": {
        "WhiskeyAndGold.Policy.Entropy.mean": {
            "value": 0.009798613376915455,
            "min": 0.009798613376915455,
            "max": 2.116811513900757,
            "count": 4
        },
        "WhiskeyAndGold.Policy.Entropy.sum": {
            "value": 490.1854248046875,
            "min": 490.1854248046875,
            "max": 106308.390625,
            "count": 4
        },
        "WhiskeyAndGold.Environment.EpisodeLength.mean": {
            "value": 3.005046459468119,
            "min": 3.005046459468119,
            "max": 6.315242832065535,
            "count": 4
        },
        "WhiskeyAndGold.Environment.EpisodeLength.sum": {
            "value": 37515.0,
            "min": 37515.0,
            "max": 43171.0,
            "count": 4
        },
        "WhiskeyAndGold.Step.mean": {
            "value": 199996.0,
            "min": 49999.0,
            "max": 199996.0,
            "count": 4
        },
        "WhiskeyAndGold.Step.sum": {
            "value": 199996.0,
            "min": 49999.0,
            "max": 199996.0,
            "count": 4
        },
        "WhiskeyAndGold.Policy.ExtrinsicValueEstimate.mean": {
            "value": 49.25205612182617,
            "min": -1.0795559883117676,
            "max": 49.25205612182617,
            "count": 4
        },
        "WhiskeyAndGold.Policy.ExtrinsicValueEstimate.sum": {
            "value": 614862.6875,
            "min": -7378.76513671875,
            "max": 614862.6875,
            "count": 4
        },
        "WhiskeyAndGold.Environment.CumulativeReward.mean": {
            "value": 50.0,
            "min": -0.4140453547915143,
            "max": 50.0,
            "count": 4
        },
        "WhiskeyAndGold.Environment.CumulativeReward.sum": {
            "value": 624200.0,
            "min": -2830.0,
            "max": 624200.0,
            "count": 4
        },
        "WhiskeyAndGold.Policy.ExtrinsicReward.mean": {
            "value": 50.0,
            "min": -0.4140453547915143,
            "max": 50.0,
            "count": 4
        },
        "WhiskeyAndGold.Policy.ExtrinsicReward.sum": {
            "value": 624200.0,
            "min": -2830.0,
            "max": 624200.0,
            "count": 4
        },
        "WhiskeyAndGold.Losses.PolicyLoss.mean": {
            "value": 0.025076009136003753,
            "min": 0.025076009136003753,
            "max": 0.028050377576922376,
            "count": 4
        },
        "WhiskeyAndGold.Losses.PolicyLoss.sum": {
            "value": 0.12538004568001876,
            "min": 0.10650973563703398,
            "max": 0.14025188788461188,
            "count": 4
        },
        "WhiskeyAndGold.Losses.ValueLoss.mean": {
            "value": 0.037091279240945976,
            "min": 0.037091279240945976,
            "max": 211.13871948401135,
            "count": 4
        },
        "WhiskeyAndGold.Losses.ValueLoss.sum": {
            "value": 0.18545639620472987,
            "min": 0.18545639620472987,
            "max": 1055.6935974200567,
            "count": 4
        },
        "WhiskeyAndGold.Policy.LearningRate.mean": {
            "value": 0.00019537107487632008,
            "min": 0.00019537107487632008,
            "max": 0.00028460130513290006,
            "count": 4
        },
        "WhiskeyAndGold.Policy.LearningRate.sum": {
            "value": 0.0009768553743816004,
            "min": 0.0009768553743816004,
            "max": 0.00128451007183,
            "count": 4
        },
        "WhiskeyAndGold.Policy.Epsilon.mean": {
            "value": 0.16512368,
            "min": 0.16512368,
            "max": 0.19486710000000002,
            "count": 4
        },
        "WhiskeyAndGold.Policy.Epsilon.sum": {
            "value": 0.8256184,
            "min": 0.7794684000000001,
            "max": 0.9281699999999997,
            "count": 4
        },
        "WhiskeyAndGold.Policy.Beta.mean": {
            "value": 0.0032596716320000005,
            "min": 0.0032596716320000005,
            "max": 0.00474386829,
            "count": 4
        },
        "WhiskeyAndGold.Policy.Beta.sum": {
            "value": 0.01629835816,
            "min": 0.01629835816,
            "max": 0.021415683,
            "count": 4
        },
        "WhiskeyAndGold.IsTraining.mean": {
            "value": 1.0,
            "min": 1.0,
            "max": 1.0,
            "count": 4
        },
        "WhiskeyAndGold.IsTraining.sum": {
            "value": 1.0,
            "min": 1.0,
            "max": 1.0,
            "count": 4
        }
    },
    "metadata": {
        "timer_format_version": "0.1.0",
        "start_time_seconds": "1696573579",
        "python_version": "3.7.0 (v3.7.0:1bf9cc5093, Jun 27 2018, 04:59:51) [MSC v.1914 64 bit (AMD64)]",
        "command_line_arguments": "D:\\Unity Projects\\ML Agents\\Grid-Worlds\\venv\\Scripts\\mlagents-learn --run-id=RiskAversion --force",
        "mlagents_version": "0.27.0",
        "mlagents_envs_version": "0.27.0",
        "communication_protocol_version": "1.5.0",
        "pytorch_version": "1.7.1+cu110",
        "numpy_version": "1.21.6",
        "end_time_seconds": "1696573866"
    },
    "total": 287.4713631,
    "count": 1,
    "self": 0.012701400000025842,
    "children": {
        "run_training.setup": {
            "total": 0.1548613999999997,
            "count": 1,
            "self": 0.1548613999999997
        },
        "TrainerController.start_learning": {
            "total": 287.3038003,
            "count": 1,
            "self": 0.3080715000016312,
            "children": {
                "TrainerController._reset_env": {
                    "total": 12.472635099999998,
                    "count": 1,
                    "self": 12.472635099999998
                },
                "TrainerController.advance": {
                    "total": 274.2946412999984,
                    "count": 14990,
                    "self": 0.26650029999882463,
                    "children": {
                        "env_step": {
                            "total": 156.44774290000072,
                            "count": 14990,
                            "self": 94.39611130000094,
                            "children": {
                                "SubprocessEnvManager._take_step": {
                                    "total": 61.88392780000183,
                                    "count": 14990,
                                    "self": 0.7864746000015543,
                                    "children": {
                                        "TorchPolicy.evaluate": {
                                            "total": 61.097453200000274,
                                            "count": 14990,
                                            "self": 17.978279799999115,
                                            "children": {
                                                "TorchPolicy.sample_actions": {
                                                    "total": 43.11917340000116,
                                                    "count": 14990,
                                                    "self": 43.11917340000116
                                                }
                                            }
                                        }
                                    }
                                },
                                "workers": {
                                    "total": 0.1677037999979447,
                                    "count": 14989,
                                    "self": 0.0,
                                    "children": {
                                        "worker_root": {
                                            "total": 276.19635920000104,
                                            "count": 14989,
                                            "is_parallel": true,