{
    "name": "root",
    "gauges": {
        "RiskAversion.Policy.Entropy.mean": {
            "value": 1.98447585105896,
            "min": 1.98447585105896,
            "max": 1.98447585105896,
            "count": 1
        },
        "RiskAversion.Policy.Entropy.sum": {
            "value": 99412.3203125,
            "min": 99412.3203125,
            "max": 99412.3203125,
            "count": 1
        },
        "RiskAversion.Environment.EpisodeLength.mean": {
            "value": 6.040264676897086,
            "min": 6.040264676897086,
            "max": 6.040264676897086,
            "count": 1
        },
        "RiskAversion.Environment.EpisodeLength.sum": {
            "value": 42904.0,
            "min": 42904.0,
            "max": 42904.0,
            "count": 1
        },
        "RiskAversion.Step.mean": {
            "value": 49983.0,
            "min": 49983.0,
            "max": 49983.0,
            "count": 1
        },
        "RiskAversion.Step.sum": {
            "value": 49983.0,
            "min": 49983.0,
            "max": 49983.0,
            "count": 1
        },
        "RiskAversion.Policy.ExtrinsicValueEstimate.mean": {
            "value": 15.765485763549805,
            "min": 15.765485763549805,
            "max": 15.765485763549805,
            "count": 1
        },
        "RiskAversion.Policy.ExtrinsicValueEstimate.sum": {
            "value": 111966.4765625,
            "min": 111966.4765625,
            "max": 111966.4765625,
            "count": 1
        },
        "RiskAversion.Environment.CumulativeReward.mean": {
            "value": 19.842297944241057,
            "min": 19.842297944241057,
            "max": 19.842297944241057,
            "count": 1
        },
        "RiskAversion.Environment.CumulativeReward.sum": {
            "value": 140920.0,
            "min": 140920.0,
            "max": 140920.0,
            "count": 1
        },
        "RiskAversion.Policy.ExtrinsicReward.mean": {
            "value": 19.842297944241057,
            "min": 19.842297944241057,
            "max": 19.842297944241057,
            "count": 1
        },
        "RiskAversion.Policy.ExtrinsicReward.sum": {
            "value": 140920.0,
            "min": 140920.0,
            "max": 140920.0,
            "count": 1
        },
        "RiskAversion.Losses.PolicyLoss.mean": {
            "value": 0.03125750289764256,
            "min": 0.03125750289764256,
            "max": 0.03125750289764256,
            "count": 1
        },
        "RiskAversion.Losses.PolicyLoss.sum": {
            "value": 0.12503001159057023,
            "min": 0.12503001159057023,
            "max": 0.12503001159057023,
            "count": 1
        },
        "RiskAversion.Losses.ValueLoss.mean": {
            "value": 433.69531834920247,
            "min": 433.69531834920247,
            "max": 433.69531834920247,
            "count": 1
        },
        "RiskAversion.Losses.ValueLoss.sum": {
            "value": 1734.7812733968099,
            "min": 1734.7812733968099,
            "max": 1734.7812733968099,
            "count": 1
        },
        "RiskAversion.Policy.LearningRate.mean": {
            "value": 0.00028462170512610007,
            "min": 0.00028462170512610007,
            "max": 0.00028462170512610007,
            "count": 1
        },
        "RiskAversion.Policy.LearningRate.sum": {
            "value": 0.0011384868205044003,
            "min": 0.0011384868205044003,
            "max": 0.0011384868205044003,
            "count": 1
        },
        "RiskAversion.Policy.Epsilon.mean": {
            "value": 0.19487390000000004,
            "min": 0.19487390000000004,
            "max": 0.19487390000000004,
            "count": 1
        },
        "RiskAversion.Policy.Epsilon.sum": {
            "value": 0.7794956000000002,
            "min": 0.7794956000000002,
            "max": 0.7794956000000002,
            "count": 1
        },
        "RiskAversion.Policy.Beta.mean": {
            "value": 0.00474420761,
            "min": 0.00474420761,
            "max": 0.00474420761,
            "count": 1
        },
        "RiskAversion.Policy.Beta.sum": {
            "value": 0.01897683044,
            "min": 0.01897683044,
            "max": 0.01897683044,
            "count": 1
        },
        "RiskAversion.IsTraining.mean": {
            "value": 1.0,
            "min": 1.0,
            "max": 1.0,
            "count": 1
        },
        "RiskAversion.IsTraining.sum": {
            "value": 1.0,
            "min": 1.0,
            "max": 1.0,
            "count": 1
        }
    },
    "metadata": {
        "timer_format_version": "0.1.0",
        "start_time_seconds": "1697006069",
        "python_version": "3.7.0 (v3.7.0:1bf9cc5093, Jun 27 2018, 04:59:51) [MSC v.1914 64 bit (AMD64)]",
        "command_line_arguments": "D:\\Unity Projects\\ML Agents\\Grid-Worlds\\venv\\Scripts\\mlagents-learn --run-id=RiskAversion --force",
        "mlagents_version": "0.27.0",
        "mlagents_envs_version": "0.27.0",
        "communication_protocol_version": "1.5.0",
        "pytorch_version": "1.7.1+cu110",
        "numpy_version": "1.21.6",
        "end_time_seconds": "1697006198"
    },
    "total": 129.7129958,
    "count": 1,
    "self": 0.01515459999998825,
    "children": {
        "run_training.setup": {
            "total": 0.2126557000000009,
            "count": 1,
            "self": 0.2126557000000009
        },
        "TrainerController.start_learning": {
            "total": 129.4851855,
            "count": 1,
            "self": 0.18577540000029558,
            "children": {
                "TrainerController._reset_env": {
                    "total": 14.192431500000001,
                    "count": 1,
                    "self": 14.192431500000001
                },
                "TrainerController.advance": {
                    "total": 114.87421789999972,
                    "count": 8904,
                    "self": 0.1588532999997625,
                    "children": {
                        "env_step": {
                            "total": 67.32070049999932,
                            "count": 8904,
                            "self": 46.08910399999898,
                            "children": {
                                "SubprocessEnvManager._take_step": {
                                    "total": 21.128628500001064,
                                    "count": 8904,
                                    "self": 0.3057796000008324,
                                    "children": {
                                        "TorchPolicy.evaluate": {
                                            "total": 20.82284890000023,
                                            "count": 4536,
                                            "self": 6.087126400000638,
                                            "children": {
                                                "TorchPolicy.sample_actions": {
                                                    "total": 14.735722499999593,
                                                    "count": 4536,
                                                    "self": 14.735722499999593
                                                }
                                            }
                                        }
                                    }
                                },
                                "workers": {
                                    "total": 0.10296799999926876,
                                    "count": 8903,
                                    "self": 0.0,
                                    "children": {
                                        "worker_root": {
                                            "total": 115.42163340000005,
                                            "count": 8903,
                                            "is_parallel": true,
                                            "self": 79.22220040000005,