{
    "name": "root",
    "gauges": {
        "WhiskeyAndGold.Policy.Entropy.mean": {
            "value": 1.2430555820465088,
            "min": 1.2430555820465088,
            "max": 2.131171226501465,
            "count": 10
        },
        "WhiskeyAndGold.Policy.Entropy.sum": {
            "value": 62104.30078125,
            "min": 62104.30078125,
            "max": 107070.0390625,
            "count": 10
        },
        "WhiskeyAndGold.Environment.EpisodeLength.mean": {
            "value": 20.05770850884583,
            "min": 19.947191953059512,
            "max": 28.3524926686217,
            "count": 10
        },
        "WhiskeyAndGold.Environment.EpisodeLength.sum": {
            "value": 47617.0,
            "min": 47594.0,
            "max": 48341.0,
            "count": 10
        },
        "WhiskeyAndGold.Step.mean": {
            "value": 499977.0,
            "min": 49986.0,
            "max": 499977.0,
            "count": 10
        },
        "WhiskeyAndGold.Step.sum": {
            "value": 499977.0,
            "min": 49986.0,
            "max": 499977.0,
            "count": 10
        },
        "WhiskeyAndGold.Policy.ExtrinsicValueEstimate.mean": {
            "value": 22.515871047973633,
            "min": 0.26413828134536743,
            "max": 22.977272033691406,
            "count": 10
        },
        "WhiskeyAndGold.Policy.ExtrinsicValueEstimate.sum": {
            "value": 53452.67578125,
            "min": 449.8275146484375,
            "max": 54869.7265625,
            "count": 10
        },
        "WhiskeyAndGold.Environment.CumulativeReward.mean": {
            "value": 24.68407750631845,
            "min": 3.611274221961245,
            "max": 25.251256281407034,
            "count": 10
        },
        "WhiskeyAndGold.Environment.CumulativeReward.sum": {
            "value": 58600.0,
            "min": 6150.0,
            "max": 60300.0,
            "count": 10
        },
        "WhiskeyAndGold.Policy.ExtrinsicReward.mean": {
            "value": 24.68407750631845,
            "min": 3.611274221961245,
            "max": 25.251256281407034,
            "count": 10
        },
        "WhiskeyAndGold.Policy.ExtrinsicReward.sum": {
            "value": 58600.0,
            "min": 6150.0,
            "max": 60300.0,
            "count": 10
        },
        "WhiskeyAndGold.Losses.PolicyLoss.mean": {
            "value": 0.023221671245992184,
            "min": 0.020285915348989266,
            "max": 0.025582844996824863,
            "count": 10
        },
        "WhiskeyAndGold.Losses.PolicyLoss.sum": {
            "value": 0.11610835622996092,
            "min": 0.09365395782515407,
            "max": 0.12660172414034604,
            "count": 10
        },
        "WhiskeyAndGold.Losses.ValueLoss.mean": {
            "value": 6.855196159680685,
            "min": 6.855196159680685,
            "max": 128.3230462137858,
            "count": 10
        },
        "WhiskeyAndGold.Losses.ValueLoss.sum": {
            "value": 34.275980798403424,
            "min": 34.275980798403424,
            "max": 641.615231068929,
            "count": 10
        },
        "WhiskeyAndGold.Policy.LearningRate.mean": {
            "value": 1.6829974390040006e-05,
            "min": 1.6829974390040006e-05,
            "max": 0.00028455000514999995,
            "count": 10
        },
        "WhiskeyAndGold.Policy.LearningRate.sum": {
            "value": 8.414987195020003e-05,
            "min": 8.414987195020003e-05,
            "max": 0.001284279071907,
            "count": 10
        },
        "WhiskeyAndGold.Policy.Epsilon.mean": {
            "value": 0.10560996,
            "min": 0.10560996,
            "max": 0.19485000000000002,
            "count": 10
        },
        "WhiskeyAndGold.Policy.Epsilon.sum": {
            "value": 0.5280498,
            "min": 0.5004372,
            "max": 0.9280930000000002,
            "count": 10
        },
        "WhiskeyAndGold.Policy.Beta.mean": {
            "value": 0.000289937004,
            "min": 0.000289937004,
            "max": 0.004743015,
            "count": 10
        },
        "WhiskeyAndGold.Policy.Beta.sum": {
            "value": 0.0014496850200000002,
            "min": 0.0014496850200000002,
            "max": 0.021411840699999993,
            "count": 10
        },
        "WhiskeyAndGold.IsTraining.mean": {
            "value": 1.0,
            "min": 1.0,
            "max": 1.0,
            "count": 10
        },
        "WhiskeyAndGold.IsTraining.sum": {
            "value": 1.0,
            "min": 1.0,
            "max": 1.0,
            "count": 10
        }
    },
    "metadata": {
        "timer_format_version": "0.1.0",
        "start_time_seconds": "1695716660",
        "python_version": "3.7.0 (v3.7.0:1bf9cc5093, Jun 27 2018, 04:59:51) [MSC v.1914 64 bit (AMD64)]",
        "command_line_arguments": "D:\\Unity Projects\\ML Agents\\Grid-Worlds\\venv\\Scripts\\mlagents-learn --run-id=SafeInterrupt2",
        "mlagents_version": "0.27.0",
        "mlagents_envs_version": "0.27.0",
        "communication_protocol_version": "1.5.0",
        "pytorch_version": "1.7.1+cu110",
        "numpy_version": "1.21.6",
        "end_time_seconds": "1695717319"
    },
    "total": 658.5354679000001,
    "count": 1,
    "self": 0.017166999999972177,
    "children": {
        "run_training.setup": {
            "total": 0.20662460000000138,
            "count": 1,
            "self": 0.20662460000000138
        },
        "TrainerController.start_learning": {
            "total": 658.3116763,
            "count": 1,
            "self": 0.9720587999945565,
            "children": {
                "TrainerController._reset_env": {
                    "total": 14.4680828,
                    "count": 1,
                    "self": 14.4680828
                },
                "TrainerController.advance": {
                    "total": 642.7712841000055,
                    "count": 50461,
                    "self": 0.8724841000127981,
                    "children": {
                        "env_step": {
                            "total": 507.0323503000002,
                            "count": 50461,
                            "self": 298.25507509999477,
                            "children": {
                                "SubprocessEnvManager._take_step": {
                                    "total": 208.19994090000648,
                                    "count": 50461,
                                    "self": 2.5177248000169357,
                                    "children": {
                                        "TorchPolicy.evaluate": {
                                            "total": 205.68221609998955,
                                            "count": 50461,
                                            "self": 63.13433089998642,
                                            "children": {
                                                "TorchPolicy.sample_actions": {
                                                    "total": 142.54788520000312,
                                                    "count": 50461,
                                                    "self": 142.54788520000312
                                                }
                                            }
                                        }
                                    }
                                },
                                "workers": {
                                    "total": 0.5773342999989488,
                                    "count": 50461,
                                    "self": 0.0,
                                    "children": {
                                        "worker_root": {
                                            "total": 644.2684723000108,
                                            "count": 50461,
                                            "is_parallel": true,