{
    "name": "root",
    "metadata": {
        "timer_format_version": "0.1.0",
        "start_time_seconds": "1688002501",
        "python_version": "3.9.13 (tags/v3.9.13:6de2ca5, May 17 2022, 16:36:42) [MSC v.1929 64 bit (AMD64)]",
        "command_line_arguments": "D:\\Unity Projects\\ML Agents\\ML Agents\\venv\\Scripts\\mlagents-learn --run-id=IRL8 --force",
        "mlagents_version": "0.30.0",
        "mlagents_envs_version": "0.30.0",
        "communication_protocol_version": "1.5.0",
        "pytorch_version": "2.0.1+cpu",
        "numpy_version": "1.21.2",
        "end_time_seconds": "1688002584"
    },
    "total": 83.0846786,
    "count": 1,
    "self": 0.006559400000014648,
    "children": {
        "run_training.setup": {
            "total": 0.026945500000000067,
            "count": 1,
            "self": 0.026945500000000067
        },
        "TrainerController.start_learning": {
            "total": 83.05117369999999,
            "count": 1,
            "self": 0.02129089999995415,
            "children": {
                "TrainerController._reset_env": {
                    "total": 5.783530799999999,
                    "count": 1,
                    "self": 5.783530799999999
                },
                "TrainerController.advance": {
                    "total": 77.13655200000005,
                    "count": 1017,
                    "self": 0.027244600000031483,
                    "children": {
                        "env_step": {
                            "total": 65.71704510000004,
                            "count": 1017,
                            "self": 64.98350740000005,
                            "children": {
                                "SubprocessEnvManager._take_step": {
                                    "total": 0.72181819999998,
                                    "count": 1017,
                                    "self": 0.06318609999999225,
                                    "children": {
                                        "TorchPolicy.evaluate": {
                                            "total": 0.6586320999999877,
                                            "count": 1221,
                                            "self": 0.6586320999999877
                                        }
                                    }
                                },
                                "workers": {
                                    "total": 0.011719500000008765,
                                    "count": 1016,
                                    "self": 0.0,
                                    "children": {
                                        "worker_root": {
                                            "total": 18.6729665,
                                            "count": 1016,
                                            "is_parallel": true,
                                            "self": 13.817273199999939,
                                            "children": {
                                                "steps_from_proto": {
                                                    "total": 0.0004260999999994297,
                                                    "count": 2,
                                                    "is_parallel": true,
                                                    "self": 0.00017809999999851556,
                                                    "children": {
                                                        "_process_rank_one_or_two_observation": {
                                                            "total": 0.00024800000000091416,
                                                            "count": 4,
                                                            "is_parallel": true,
                                                            "self": 0.00024800000000091416
                                                        }
                                                    }
                                                },
                                                "UnityEnvironment.step": {
                                                    "total": 4.855267200000064,
                                                    "count": 1016,
                                                    "is_parallel": true,
                                                    "self": 0.1454382000001324,
                                                    "children": {
                                                        "UnityEnvironment._generate_step_input": {
                                                            "total": 0.18613060000000292,
                                                            "count": 1016,
                                                            "is_parallel": true,
                                                            "self": 0.18613060000000292
                                                        },
                                                        "communicator.exchange": {
                                                            "total": 4.155221599999979,
                                                            "count": 1016,
                                                            "is_parallel": true,
                                                            "self": 4.155221599999979
                                                        },
                                                        "steps_from_proto": {
                                                            "total": 0.3684767999999501,
                                                            "count": 2032,
                                                            "is_parallel": true,
                                                            "self": 0.16519169999990524,
                                                            "children": {
                                                                "_process_rank_one_or_two_observation": {
                                                                    "total": 0.20328510000004485,
                                                                    "count": 4064,
                                                                    "is_parallel": true,
                                                                    "self": 0.20328510000004485
                                                                }
                                                            }
                                                        }
                                                    }
                                                }
                                            }
                                        }
                                    }
                                }
                            }
                        },
                        "trainer_advance": {
                            "total": 11.392262299999985,
                            "count": 2032,
                            "self": 0.027979000000021514,
                            "children": {
                                "process_trajectory": {
                                    "total": 9.843470499999961,
                                    "count": 2032,
                                    "self": 9.843470499999961
                                },
                                "_update_policy": {
                                    "total": 1.5208128000000016,
                                    "count": 1,
                                    "self": 1.207961000000001,
                                    "children": {
                                        "TorchPPOOptimizer.update": {
                                            "total": 0.3128518000000007,
                                            "count": 30,