{
    "name": "root",
    "gauges": {
        "MoveToTargetSimulated.Policy.Entropy.mean": {
            "value": 1.3971166610717773,
            "min": 1.3971166610717773,
            "max": 1.4184467792510986,
            "count": 5
        },
        "MoveToTargetSimulated.Policy.Entropy.sum": {
            "value": 69925.6875,
            "min": 69925.6875,
            "max": 71343.6171875,
            "count": 5
        },
        "MoveToTargetSimulated.Environment.EpisodeLength.mean": {
            "value": 1542.6153846153845,
            "min": 81.67476635514019,
            "max": 3383.6666666666665,
            "count": 5
        },
        "MoveToTargetSimulated.Environment.EpisodeLength.sum": {
            "value": 20054.0,
            "min": 6139.0,
            "max": 43696.0,
            "count": 5
        },
        "MoveToTargetSimulated.Step.mean": {
            "value": 249977.0,
            "min": 49991.0,
            "max": 249977.0,
            "count": 5
        },
        "MoveToTargetSimulated.Step.sum": {
            "value": 249977.0,
            "min": 49991.0,
            "max": 249977.0,
            "count": 5
        },
        "MoveToTargetSimulated.Policy.ExtrinsicValueEstimate.mean": {
            "value": 0.04534535109996796,
            "min": 0.04534535109996796,
            "max": 0.3469873070716858,
            "count": 5
        },
        "MoveToTargetSimulated.Policy.ExtrinsicValueEstimate.sum": {
            "value": 35.77748107910156,
            "min": 35.77748107910156,
            "max": 335.28924560546875,
            "count": 5
        },
        "MoveToTargetSimulated.Environment.CumulativeReward.mean": {
            "value": 0.0,
            "min": 0.0,
            "max": 0.0,
            "count": 5
        },
        "MoveToTargetSimulated.Environment.CumulativeReward.sum": {
            "value": 0.0,
            "min": 0.0,
            "max": 0.0,
            "count": 5
        },
        "MoveToTargetSimulated.Policy.ExtrinsicReward.mean": {
            "value": 0.0,
            "min": 0.0,
            "max": 0.0,
            "count": 5
        },
        "MoveToTargetSimulated.Policy.ExtrinsicReward.sum": {
            "value": 0.0,
            "min": 0.0,
            "max": 0.0,
            "count": 5
        },
        "MoveToTargetSimulated.Losses.PolicyLoss.mean": {
            "value": 0.02361616785211178,
            "min": 0.020586317020157972,
            "max": 0.02361616785211178,
            "count": 5
        },
        "MoveToTargetSimulated.Losses.PolicyLoss.sum": {
            "value": 0.1180808392605589,
            "min": 0.08300110318232327,
            "max": 0.1180808392605589,
            "count": 5
        },
        "MoveToTargetSimulated.Losses.ValueLoss.mean": {
            "value": 0.00023342222324572505,
            "min": 0.00023342222324572505,
            "max": 0.06268769005934398,
            "count": 5
        },
        "MoveToTargetSimulated.Losses.ValueLoss.sum": {
            "value": 0.0011671111162286252,
            "min": 0.0011671111162286252,
            "max": 0.2507507602373759,
            "count": 5
        },
        "MoveToTargetSimulated.Policy.LearningRate.mean": {
            "value": 0.00016416808527732,
            "min": 0.00016416808527732,
            "max": 0.000284577005141,
            "count": 5
        },
        "MoveToTargetSimulated.Policy.LearningRate.sum": {
            "value": 0.0008208404263866,
            "min": 0.0008208404263866,
            "max": 0.0012840666719777997,
            "count": 5
        },
        "MoveToTargetSimulated.Policy.Epsilon.mean": {
            "value": 0.15472268,
            "min": 0.15472268,
            "max": 0.194859,
            "count": 5
        },
        "MoveToTargetSimulated.Policy.Epsilon.sum": {
            "value": 0.7736134,
            "min": 0.7736134,
            "max": 0.9280222000000002,
            "count": 5
        },
        "MoveToTargetSimulated.Policy.Beta.mean": {
            "value": 0.002740661732,
            "min": 0.002740661732,
            "max": 0.004743464100000001,
            "count": 5
        },
        "MoveToTargetSimulated.Policy.Beta.sum": {
            "value": 0.01370330866,
            "min": 0.01370330866,
            "max": 0.02140830778,
            "count": 5
        },
        "MoveToTargetSimulated.IsTraining.mean": {
            "value": 1.0,
            "min": 1.0,
            "max": 1.0,
            "count": 5
        },
        "MoveToTargetSimulated.IsTraining.sum": {
            "value": 1.0,
            "min": 1.0,
            "max": 1.0,
            "count": 5
        }
    },
    "metadata": {
        "timer_format_version": "0.1.0",
        "start_time_seconds": "1687592316",
        "python_version": "3.9.13 (tags/v3.9.13:6de2ca5, May 17 2022, 16:36:42) [MSC v.1929 64 bit (AMD64)]",
        "command_line_arguments": "D:\\Unity Projects\\ML Agents\\ML Agents\\venv\\Scripts\\mlagents-learn --run-id=IRL3 --force",
        "mlagents_version": "0.30.0",
        "mlagents_envs_version": "0.30.0",
        "communication_protocol_version": "1.5.0",
        "pytorch_version": "2.0.1+cpu",
        "numpy_version": "1.21.2",
        "end_time_seconds": "1687592586"
    },
    "total": 270.2723107,
    "count": 1,
    "self": 0.004238999999984117,
    "children": {
        "run_training.setup": {
            "total": 0.028793599999999975,
            "count": 1,
            "self": 0.028793599999999975
        },
        "TrainerController.start_learning": {
            "total": 270.23927810000004,
            "count": 1,
            "self": 0.522041100001843,
            "children": {
                "TrainerController._reset_env": {
                    "total": 6.9408943,
                    "count": 1,
                    "self": 6.9408943
                },
                "TrainerController.advance": {
                    "total": 262.67723239999816,
                    "count": 22732,
                    "self": 0.47103110000017523,
                    "children": {
                        "env_step": {
                            "total": 197.56874529999945,
                            "count": 22732,
                            "self": 178.87980040000272,
                            "children": {
                                "SubprocessEnvManager._take_step": {
                                    "total": 18.387226799997958,
                                    "count": 22732,
                                    "self": 1.469713699995964,
                                    "children": {
                                        "TorchPolicy.evaluate": {
                                            "total": 16.917513100001994,
                                            "count": 22207,
                                            "self": 16.917513100001994
                                        }
                                    }
                                },
                                "workers": {
                                    "total": 0.30171809999877297,
                                    "count": 22731,
                                    "self": 0.0,
                                    "children": {
                                        "worker_root": {
                                            "total": 198.86175139999952,
                                            "count": 22731,
                                            "is_parallel": true,
                                            "self": 111.15992730000022,
                                            "children": {
                                                "steps_from_proto": {
                                                    "total": 0.00042730000000013035,
                                                    "count": 1,
                                                    "is_parallel": true,