{"count":1,"self":590.0277248,"total":2583.4515985,"children":{"InitializeActuators":{"count":24,"self":0.0009976,"total":0.0009976,"children":null},"InitializeSensors":{"count":24,"self":0.0025047999999999997,"total":0.0025047999999999997,"children":null},"AgentSendState":{"count":1679717,"self":18.027718399999998,"total":66.4993819,"children":{"CollectObservations":{"count":4031548,"self":6.5986471999999994,"total":6.5986471999999994,"children":null},"WriteActionMask":{"count":4031548,"self":3.1264116,"total":3.1264114999999997,"children":null},"RequestDecision":{"count":4031548,"self":12.869296799999999,"total":38.7466053,"children":{"AgentInfo.ToProto":{"count":4031548,"self":10.736352,"total":25.8773086,"children":{"GenerateSensorData":{"count":4031548,"self":15.1409568,"total":15.1409565,"children":null}}}}}}},"DecideAction":{"count":1679717,"self":1892.9956863999998,"total":1892.9956083999998,"children":null},"AgentAct":{"count":1679717,"self":32.3235136,"total":32.3235124,"children":null},"AgentInfo.ToProto":{"count":103428,"self":0.6842992,"total":1.6008631999999998,"children":{"GenerateSensorData":{"count":103428,"self":0.91656399999999993,"total":0.91656399999999993,"children":null}}}},"gauges":{"MoveToTargetSimulated.CumulativeReward":{"count":103220,"max":1.83598077,"min":-1.8453356,"runningAverage":0.027283432,"value":-0.301093042,"weightedAverage":-0.0534339771},"IRL.CumulativeReward":{"count":208,"max":1.54308617,"min":0.7014028,"runningAverage":1.02849925,"value":1.12224448,"weightedAverage":1.07582712}},"metadata":{"timer_format_version":"0.1.0","start_time_seconds":"1689035322","unity_version":"2022.1.13f1","command_line_arguments":"C:\\Program Files\\Unity\\2022.1.13f1\\Editor\\Unity.exe -projectpath D:\\Unity Projects\\ML Agents\\ML Agents -useHub -hubIPC -cloudEnvironment production","communication_protocol_version":"1.5.0","com.unity.ml-agents_version":"2.3.0-exp.3","scene_name":"IRL","end_time_seconds":"1689037905"}}