{"count":1,"self":45.2015872,"total":491.07917039999995,"children":{"InitializeActuators":{"count":1,"self":0.0009972,"total":0.0009972,"children":null},"InitializeSensors":{"count":1,"self":0.00099739999999999985,"total":0.00099739999999999985,"children":null},"AgentSendState":{"count":104184,"self":0.39077459999999997,"total":1.3385738999999999,"children":{"CollectObservations":{"count":100012,"self":0.06644209999999999,"total":0.06644209999999999,"children":null},"WriteActionMask":{"count":100012,"self":0.059799099999999994,"total":0.059799099999999994,"children":null},"RequestDecision":{"count":100012,"self":0.2586503,"total":0.8215581,"children":{"AgentInfo.ToProto":{"count":100012,"self":0.19663809999999998,"total":0.5629078,"children":{"GenerateSensorData":{"count":100012,"self":0.3662697,"total":0.3662697,"children":null}}}}}}},"DecideAction":{"count":104184,"self":442.79690239999996,"total":442.7969023,"children":null},"AgentAct":{"count":104184,"self":1.0319612999999999,"total":1.7401111999999999,"children":{"AgentInfo.ToProto":{"count":100012,"self":0.2531605,"total":0.7081499,"children":{"GenerateSensorData":{"count":100012,"self":0.4549894,"total":0.4549894,"children":null}}}}}},"gauges":{"My Behavior.CumulativeReward":{"count":100012,"max":9.513189,"min":-0.749876,"runningAverage":3.42715764,"value":4.111421,"weightedAverage":4.736971}},"metadata":{"timer_format_version":"0.1.0","start_time_seconds":"1687999716","unity_version":"2022.1.13f1","command_line_arguments":"C:\\Program Files\\Unity\\2022.1.13f1\\Editor\\Unity.exe -projectpath D:\\Unity Projects\\ML Agents\\ML Agents -useHub -hubIPC -cloudEnvironment production","communication_protocol_version":"1.5.0","com.unity.ml-agents_version":"2.3.0-exp.3","scene_name":"Number Line","end_time_seconds":"1688000208"}}