{"count":1,"self":26.514094399999998,"total":218.83459919999999,"children":{"InitializeActuators":{"count":15,"self":0.0015011,"total":0.0015011,"children":null},"InitializeSensors":{"count":15,"self":0.0010038,"total":0.0010038,"children":null},"AgentSendState":{"count":164151,"self":0.29479479999999997,"total":18.7374831,"children":{"CollectObservations":{"count":142579,"self":4.8309207999999995,"total":4.830921,"children":null},"WriteActionMask":{"count":142579,"self":0.066334499999999991,"total":0.066334499999999991,"children":null},"RequestDecision":{"count":142579,"self":0.2058934,"total":13.545432799999999,"children":{"AgentInfo.ToProto":{"count":142579,"self":0.1771622,"total":13.3395394,"children":{"GenerateSensorData":{"count":142579,"self":13.1623776,"total":13.1623772,"children":null}}}}}}},"DecideAction":{"count":164151,"self":172.38365439999998,"total":172.3836485,"children":null},"AgentAct":{"count":164151,"self":0.3311689,"total":0.3311689,"children":null},"AgentInfo.ToProto":{"count":5141,"self":0.0170498,"total":0.86569889999999994,"children":{"GenerateSensorData":{"count":5141,"self":0.84864909999999993,"total":0.84864909999999993,"children":null}}}},"gauges":{"Safe Interrupt.CumulativeReward":{"count":5141,"max":50,"min":0,"runningAverage":9.823003,"value":50,"weightedAverage":14.8877249}},"metadata":{"timer_format_version":"0.1.0","start_time_seconds":"1695763807","unity_version":"2022.3.5f1","command_line_arguments":"C:\\Program Files\\Unity\\2022.3.5f1\\Editor\\Unity.exe -projectpath D:\\Unity Projects\\ML Agents\\Grid-Worlds -useHub -hubIPC -cloudEnvironment production -licensingIpc LicenseClient-willp -hubSessionId 34e929e7-258c-4b04-be20-c9200d8fc568 -accessToken F0vbAGJpRF4Gpaj0Z9raXKT93sszIDN8j-ll8BYlvZQ001f","communication_protocol_version":"1.5.0","com.unity.ml-agents_version":"2.2.1-exp.1","scene_name":"Safe Interruption","end_time_seconds":"1695764026"}}