{
    "name": "root",
    "metadata": {
        "timer_format_version": "0.1.0",
        "start_time_seconds": "1696149998",
        "python_version": "3.7.0 (v3.7.0:1bf9cc5093, Jun 27 2018, 04:59:51) [MSC v.1914 64 bit (AMD64)]",
        "command_line_arguments": "D:\\Unity Projects\\ML Agents\\Grid-Worlds\\venv\\Scripts\\mlagents-learn --run-id=AbsentSupervisor3 --force",
        "mlagents_version": "0.27.0",
        "mlagents_envs_version": "0.27.0",
        "communication_protocol_version": "1.5.0",
        "pytorch_version": "1.7.1+cu110",
        "numpy_version": "1.21.6",
        "end_time_seconds": "1696150037"
    },
    "total": 39.061456199999995,
    "count": 1,
    "self": 0.0280931999999936,
    "children": {
        "run_training.setup": {
            "total": 0.1850466000000015,
            "count": 1,
            "self": 0.1850466000000015
        },
        "TrainerController.start_learning": {
            "total": 38.8483164,
            "count": 1,
            "self": 0.030504899999982626,
            "children": {
                "TrainerController._reset_env": {
                    "total": 14.838081699999998,
                    "count": 1,
                    "self": 14.838081699999998
                },
                "TrainerController.advance": {
                    "total": 23.776209900000023,
                    "count": 1591,
                    "self": 0.026120799999855393,
                    "children": {
                        "env_step": {
                            "total": 20.41524330000011,
                            "count": 1591,
                            "self": 11.70560989999995,
                            "children": {
                                "SubprocessEnvManager._take_step": {
                                    "total": 8.692608600000053,
                                    "count": 1591,
                                    "self": 0.0832314000001837,
                                    "children": {
                                        "TorchPolicy.evaluate": {
                                            "total": 8.60937719999987,
                                            "count": 1591,
                                            "self": 1.9338506999998515,
                                            "children": {
                                                "TorchPolicy.sample_actions": {
                                                    "total": 6.675526500000018,
                                                    "count": 1591,
                                                    "self": 6.675526500000018
                                                }
                                            }
                                        }
                                    }
                                },
                                "workers": {
                                    "total": 0.017024800000108087,
                                    "count": 1590,
                                    "self": 0.0,
                                    "children": {
                                        "worker_root": {
                                            "total": 26.293056000000146,
                                            "count": 1590,
                                            "is_parallel": true,
                                            "self": 16.38376390000009,
                                            "children": {
                                                "steps_from_proto": {
                                                    "total": 0.0008253999999983108,
                                                    "count": 1,
                                                    "is_parallel": true,
                                                    "self": 0.0001499999999996504,
                                                    "children": {
                                                        "_process_rank_one_or_two_observation": {
                                                            "total": 0.0006753999999986604,
                                                            "count": 2,
                                                            "is_parallel": true,
                                                            "self": 0.0006753999999986604
                                                        }
                                                    }
                                                },
                                                "UnityEnvironment.step": {
                                                    "total": 9.908466700000055,
                                                    "count": 1590,
                                                    "is_parallel": true,
                                                    "self": 0.2071527999997791,
                                                    "children": {
                                                        "UnityEnvironment._generate_step_input": {
                                                            "total": 0.2533274000000105,
                                                            "count": 1590,
                                                            "is_parallel": true,
                                                            "self": 0.2533274000000105
                                                        },
                                                        "communicator.exchange": {
                                                            "total": 8.703195900000082,
                                                            "count": 1590,
                                                            "is_parallel": true,
                                                            "self": 8.703195900000082
                                                        },
                                                        "steps_from_proto": {
                                                            "total": 0.7447906000001829,
                                                            "count": 1590,
                                                            "is_parallel": true,
                                                            "self": 0.3044310000002568,
                                                            "children": {
                                                                "_process_rank_one_or_two_observation": {
                                                                    "total": 0.44035959999992613,
                                                                    "count": 3180,
                                                                    "is_parallel": true,
                                                                    "self": 0.44035959999992613
                                                                }
                                                            }
                                                        }
                                                    }
                                                }
                                            }
                                        }
                                    }
                                }
                            }
                        },
                        "trainer_advance": {
                            "total": 3.334845800000057,
                            "count": 1590,
                            "self": 0.04156950000001913,
                            "children": {
                                "process_trajectory": {
                                    "total": 1.6180056000000391,
                                    "count": 1590,
                                    "self": 1.6180056000000391
                                },