{
    "name": "root",
    "gauges": {
        "WhiskeyAndGold.Policy.Entropy.mean": {
            "value": 0.7523763179779053,
            "min": 0.7523763179779053,
            "max": 2.1389341354370117,
            "count": 10
        },
        "WhiskeyAndGold.Policy.Entropy.sum": {
            "value": 37608.28125,
            "min": 37608.28125,
            "max": 107387.328125,
            "count": 10
        },
        "WhiskeyAndGold.Environment.EpisodeLength.mean": {
            "value": 4.858682915397234,
            "min": 4.858682915397234,
            "max": 24.854705274043432,
            "count": 10
        },
        "WhiskeyAndGold.Environment.EpisodeLength.sum": {
            "value": 41464.0,
            "min": 41464.0,
            "max": 48069.0,
            "count": 10
        },
        "WhiskeyAndGold.Step.mean": {
            "value": 499995.0,
            "min": 49973.0,
            "max": 499995.0,
            "count": 10
        },
        "WhiskeyAndGold.Step.sum": {
            "value": 499995.0,
            "min": 49973.0,
            "max": 499995.0,
            "count": 10
        },
        "WhiskeyAndGold.Policy.ExtrinsicValueEstimate.mean": {
            "value": 47.77706527709961,
            "min": 8.717083930969238,
            "max": 47.77706527709961,
            "count": 10
        },
        "WhiskeyAndGold.Policy.ExtrinsicValueEstimate.sum": {
            "value": 407729.46875,
            "min": 16850.123046875,
            "max": 407729.46875,
            "count": 10
        },
        "WhiskeyAndGold.Environment.CumulativeReward.mean": {
            "value": 49.81251464729318,
            "min": 23.150543197102948,
            "max": 49.81251464729318,
            "count": 10
        },
        "WhiskeyAndGold.Environment.CumulativeReward.sum": {
            "value": 425100.0,
            "min": 44750.0,
            "max": 425100.0,
            "count": 10
        },
        "WhiskeyAndGold.Policy.ExtrinsicReward.mean": {
            "value": 49.81251464729318,
            "min": 23.150543197102948,
            "max": 49.81251464729318,
            "count": 10
        },
        "WhiskeyAndGold.Policy.ExtrinsicReward.sum": {
            "value": 425100.0,
            "min": 44750.0,
            "max": 425100.0,
            "count": 10
        },
        "WhiskeyAndGold.Losses.PolicyLoss.mean": {
            "value": 0.021268687698369225,
            "min": 0.02124256355687976,
            "max": 0.024347369434932865,
            "count": 10
        },
        "WhiskeyAndGold.Losses.PolicyLoss.sum": {
            "value": 0.10634343849184613,
            "min": 0.08648227173058937,
            "max": 0.12173684717466432,
            "count": 10
        },
        "WhiskeyAndGold.Losses.ValueLoss.mean": {
            "value": 20.372890780766806,
            "min": 20.372890780766806,
            "max": 224.51398173014323,
            "count": 10
        },
        "WhiskeyAndGold.Losses.ValueLoss.sum": {
            "value": 101.86445390383403,
            "min": 101.86445390383403,
            "max": 1122.5699086507161,
            "count": 10
        },
        "WhiskeyAndGold.Policy.LearningRate.mean": {
            "value": 1.696113434632e-05,
            "min": 1.696113434632e-05,
            "max": 0.00028459275513575,
            "count": 10
        },
        "WhiskeyAndGold.Policy.LearningRate.sum": {
            "value": 8.48056717316e-05,
            "min": 8.48056717316e-05,
            "max": 0.0012845448718184,
            "count": 10
        },
        "WhiskeyAndGold.Policy.Epsilon.mean": {
            "value": 0.10565368000000001,
            "min": 0.10565368000000001,
            "max": 0.19486425,
            "count": 10
        },
        "WhiskeyAndGold.Policy.Epsilon.sum": {
            "value": 0.5282684000000001,
            "min": 0.459516,
            "max": 0.9281816,
            "count": 10
        },
        "WhiskeyAndGold.Policy.Beta.mean": {
            "value": 0.00029211863200000003,
            "min": 0.00029211863200000003,
            "max": 0.0047437260749999995,
            "count": 10
        },
        "WhiskeyAndGold.Policy.Beta.sum": {
            "value": 0.0014605931600000003,
            "min": 0.0014605931600000003,
            "max": 0.021416261840000003,
            "count": 10
        },
        "WhiskeyAndGold.IsTraining.mean": {
            "value": 1.0,
            "min": 1.0,
            "max": 1.0,
            "count": 10
        },
        "WhiskeyAndGold.IsTraining.sum": {
            "value": 1.0,
            "min": 1.0,
            "max": 1.0,
            "count": 10
        }
    },
    "metadata": {
        "timer_format_version": "0.1.0",
        "start_time_seconds": "1695719539",
        "python_version": "3.7.0 (v3.7.0:1bf9cc5093, Jun 27 2018, 04:59:51) [MSC v.1914 64 bit (AMD64)]",
        "command_line_arguments": "D:\\Unity Projects\\ML Agents\\Grid-Worlds\\venv\\Scripts\\mlagents-learn --run-id=Whiskey2",
        "mlagents_version": "0.27.0",
        "mlagents_envs_version": "0.27.0",
        "communication_protocol_version": "1.5.0",
        "pytorch_version": "1.7.1+cu110",
        "numpy_version": "1.21.6",
        "end_time_seconds": "1695720197"
    },
    "total": 658.0213937999999,
    "count": 1,
    "self": 0.01950529999999162,
    "children": {
        "run_training.setup": {
            "total": 0.1639222999999994,
            "count": 1,
            "self": 0.1639222999999994
        },
        "TrainerController.start_learning": {
            "total": 657.8379662,
            "count": 1,
            "self": 1.0019331000150942,
            "children": {
                "TrainerController._reset_env": {
                    "total": 15.747599099999999,
                    "count": 1,
                    "self": 15.747599099999999
                },
                "TrainerController.advance": {
                    "total": 640.9905226999849,
                    "count": 49437,
                    "self": 0.8667010999810145,
                    "children": {
                        "env_step": {
                            "total": 448.99975340000873,
                            "count": 49437,
                            "self": 241.8013594999967,
                            "children": {
                                "SubprocessEnvManager._take_step": {
                                    "total": 206.6491649000075,
                                    "count": 49437,
                                    "self": 2.577597400019698,
                                    "children": {
                                        "TorchPolicy.evaluate": {
                                            "total": 204.0715674999878,
                                            "count": 49437,
                                            "self": 61.0488410999929,
                                            "children": {
                                                "TorchPolicy.sample_actions": {
                                                    "total": 143.0227263999949,
                                                    "count": 49437,
                                                    "self": 143.0227263999949
                                                }
                                            }
                                        }
                                    }
                                },
                                "workers": {
                                    "total": 0.5492290000045301,
                                    "count": 49437,
                                    "self": 0.0,
                                    "children": {
                                        "worker_root": {
                                            "total": 642.6719741999938,
                                            "count": 49437,
                                            "is_parallel": true,