{
    "name": "root",
    "gauges": {
        "MoveToTargetSimulated.Policy.Entropy.mean": {
            "value": 1.4142011404037476,
            "min": 1.41266930103302,
            "max": 1.4206222295761108,
            "count": 26
        },
        "MoveToTargetSimulated.Policy.Entropy.sum": {
            "value": 70688.84375,
            "min": 70486.609375,
            "max": 71120.609375,
            "count": 26
        },
        "MoveToTargetSimulated.Environment.EpisodeLength.mean": {
            "value": 7.723133286810886,
            "min": 7.723133286810886,
            "max": 9.76344782890473,
            "count": 26
        },
        "MoveToTargetSimulated.Environment.EpisodeLength.sum": {
            "value": 44269.0,
            "min": 44140.0,
            "max": 45218.0,
            "count": 26
        },
        "MoveToTargetSimulated.Step.mean": {
            "value": 1299997.0,
            "min": 49990.0,
            "max": 1299997.0,
            "count": 26
        },
        "MoveToTargetSimulated.Step.sum": {
            "value": 1299997.0,
            "min": 49990.0,
            "max": 1299997.0,
            "count": 26
        },
        "MoveToTargetSimulated.Policy.ExtrinsicValueEstimate.mean": {
            "value": -0.0037869932129979134,
            "min": -0.01698480360209942,
            "max": 0.018059691414237022,
            "count": 26
        },
        "MoveToTargetSimulated.Policy.ExtrinsicValueEstimate.sum": {
            "value": -21.949413299560547,
            "min": -91.48014831542969,
            "max": 91.88771057128906,
            "count": 26
        },
        "MoveToTargetSimulated.Environment.CumulativeReward.mean": {
            "value": 0.00920858965095919,
            "min": -0.015133336031196716,
            "max": 0.010935625995167415,
            "count": 26
        },
        "MoveToTargetSimulated.Environment.CumulativeReward.sum": {
            "value": 52.802053058599995,
            "min": -78.82954738650369,
            "max": 60.01471546147877,
            "count": 26
        },
        "MoveToTargetSimulated.Policy.ExtrinsicReward.mean": {
            "value": 0.00920858965095919,
            "min": -0.015133336031196716,
            "max": 0.010935625995167415,
            "count": 26
        },
        "MoveToTargetSimulated.Policy.ExtrinsicReward.sum": {
            "value": 52.802053058599995,
            "min": -78.82954738650369,
            "max": 60.01471546147877,
            "count": 26
        },
        "MoveToTargetSimulated.Losses.PolicyLoss.mean": {
            "value": 0.022113552011239032,
            "min": 0.020280261684674773,
            "max": 0.025648532674337428,
            "count": 10
        },
        "MoveToTargetSimulated.Losses.PolicyLoss.sum": {
            "value": 0.11056776005619516,
            "min": 0.09522302257828415,
            "max": 0.12824266337168713,
            "count": 10
        },
        "MoveToTargetSimulated.Losses.ValueLoss.mean": {
            "value": 0.049293001790841416,
            "min": 0.048328511882573366,
            "max": 0.17130420012399553,
            "count": 10
        },
        "MoveToTargetSimulated.Losses.ValueLoss.sum": {
            "value": 0.2464650089542071,
            "min": 0.19331404753029346,
            "max": 0.6852168004959821,
            "count": 10
        },
        "MoveToTargetSimulated.Policy.LearningRate.mean": {
            "value": 1.6919374360239997e-05,
            "min": 1.6919374360239997e-05,
            "max": 0.00028461855512714997,
            "count": 10
        },
        "MoveToTargetSimulated.Policy.LearningRate.sum": {
            "value": 8.459687180119998e-05,
            "min": 8.459687180119998e-05,
            "max": 0.0012845136718288,
            "count": 10
        },
        "MoveToTargetSimulated.Policy.Epsilon.mean": {
            "value": 0.10563976000000001,
            "min": 0.10563976000000001,
            "max": 0.19487285,
            "count": 10
        },
        "MoveToTargetSimulated.Policy.Epsilon.sum": {
            "value": 0.5281988000000001,
            "min": 0.5004994,
            "max": 0.9281712000000002,
            "count": 10
        },
        "MoveToTargetSimulated.Policy.Beta.mean": {
            "value": 0.00029142402400000005,
            "min": 0.00029142402400000005,
            "max": 0.004744155215,
            "count": 10
        },
        "MoveToTargetSimulated.Policy.Beta.sum": {
            "value": 0.0014571201200000003,
            "min": 0.0014571201200000003,
            "max": 0.02141574288,
            "count": 10
        },
        "MoveToTargetSimulated.IsTraining.mean": {
            "value": 0.0,
            "min": 0.0,
            "max": 1.0,
            "count": 26
        },
        "MoveToTargetSimulated.IsTraining.sum": {
            "value": 0.0,
            "min": 0.0,
            "max": 1.0,
            "count": 26
        },
        "IRL.Policy.Entropy.mean": {
            "value": 1.4418456554412842,
            "min": 1.418340802192688,
            "max": 1.4418456554412842,
            "count": 4
        },
        "IRL.Policy.Entropy.sum": {
            "value": 72173.0234375,
            "min": 71124.8203125,
            "max": 72173.0234375,
            "count": 4
        },
        "IRL.Step.mean": {
            "value": 199936.0,
            "min": 49984.0,
            "max": 199936.0,
            "count": 4
        },
        "IRL.Step.sum": {
            "value": 199936.0,
            "min": 49984.0,
            "max": 199936.0,
            "count": 4
        },
        "IRL.Policy.ExtrinsicValueEstimate.mean": {
            "value": 85.22783660888672,
            "min": 1.120332956314087,
            "max": 85.22783660888672,
            "count": 4
        },
        "IRL.Policy.ExtrinsicValueEstimate.sum": {
            "value": 66562.9375,
            "min": 874.9800415039062,
            "max": 66562.9375,
            "count": 4
        },
        "IRL.Losses.PolicyLoss.mean": {
            "value": 0.02532063637084017,
            "min": 0.023020161919218178,
            "max": 0.02532063637084017,
            "count": 4
        },
        "IRL.Losses.PolicyLoss.sum": {
            "value": 0.12660318185420086,
            "min": 0.09208064767687271,
            "max": 0.12660318185420086,
            "count": 4
        },
        "IRL.Losses.ValueLoss.mean": {
            "value": 9877.021077473959,
            "min": 9877.021077473959,
            "max": 12325.903719075519,
            "count": 4
        },
        "IRL.Losses.ValueLoss.sum": {
            "value": 49385.1053873698,
            "min": 49303.614876302076,
            "max": 60834.05048828125,
            "count": 4
        },
        "IRL.Policy.LearningRate.mean": {
            "value": 0.0001948992350336,
            "min": 0.0001948992350336,
            "max": 0.000284544005152,
            "count": 4
        },
        "IRL.Policy.LearningRate.sum": {
            "value": 0.000974496175168,
            "min": 0.000974496175168,
            "max": 0.0012836160721279995,
            "count": 4
        },
        "IRL.Policy.Epsilon.mean": {
            "value": 0.1649664,
            "min": 0.1649664,
            "max": 0.19484800000000002,
            "count": 4
        },
        "IRL.Policy.Epsilon.sum": {
            "value": 0.824832,
            "min": 0.7793920000000001,
            "max": 0.927872,
            "count": 4
        },
        "IRL.Policy.Beta.mean": {
            "value": 0.0032518233600000003,
            "min": 0.0032518233600000003,
            "max": 0.0047429151999999995,
            "count": 4
        },
        "IRL.Policy.Beta.sum": {
            "value": 0.0162591168,
            "min": 0.0162591168,
            "max": 0.021400812800000002,
            "count": 4
        },
        "IRL.IsTraining.mean": {
            "value": 1.0,
            "min": 1.0,
            "max": 1.0,