{
    "name": "root",
    "gauges": {
        "MoveToTargetSimulated.Policy.Entropy.mean": {
            "value": 1.4159750938415527,
            "min": 1.4159750938415527,
            "max": 1.423703670501709,
            "count": 10
        },
        "MoveToTargetSimulated.Policy.Entropy.sum": {
            "value": 70795.921875,
            "min": 70795.921875,
            "max": 71227.7734375,
            "count": 10
        },
        "MoveToTargetSimulated.Environment.EpisodeLength.mean": {
            "value": 2.094622191967325,
            "min": 2.094622191967325,
            "max": 8.089013778100073,
            "count": 10
        },
        "MoveToTargetSimulated.Environment.EpisodeLength.sum": {
            "value": 33847.0,
            "min": 33847.0,
            "max": 44619.0,
            "count": 10
        },
        "MoveToTargetSimulated.Step.mean": {
            "value": 499993.0,
            "min": 49987.0,
            "max": 499993.0,
            "count": 10
        },
        "MoveToTargetSimulated.Step.sum": {
            "value": 499993.0,
            "min": 49987.0,
            "max": 499993.0,
            "count": 10
        },
        "MoveToTargetSimulated.Policy.ExtrinsicValueEstimate.mean": {
            "value": 0.1031375601887703,
            "min": -0.21590419113636017,
            "max": 0.10774432122707367,
            "count": 10
        },
        "MoveToTargetSimulated.Policy.ExtrinsicValueEstimate.sum": {
            "value": 1666.187255859375,
            "min": -1247.494384765625,
            "max": 1666.187255859375,
            "count": 10
        },
        "MoveToTargetSimulated.Environment.CumulativeReward.mean": {
            "value": -0.08123800103289372,
            "min": -0.08123800103289372,
            "max": 0.004587193385954729,
            "count": 10
        },
        "MoveToTargetSimulated.Environment.CumulativeReward.sum": {
            "value": -1312.399906686398,
            "min": -1312.399906686398,
            "max": 26.27544371474869,
            "count": 10
        },
        "MoveToTargetSimulated.Policy.ExtrinsicReward.mean": {
            "value": -0.08123800103289372,
            "min": -0.08123800103289372,
            "max": 0.004587193385954729,
            "count": 10
        },
        "MoveToTargetSimulated.Policy.ExtrinsicReward.sum": {
            "value": -1312.399906686398,
            "min": -1312.399906686398,
            "max": 26.27544371474869,
            "count": 10
        },
        "MoveToTargetSimulated.Losses.PolicyLoss.mean": {
            "value": 0.022285596924678734,
            "min": 0.02145111406454817,
            "max": 0.026669737005916738,
            "count": 10
        },
        "MoveToTargetSimulated.Losses.PolicyLoss.sum": {
            "value": 0.11142798462339366,
            "min": 0.09390525079797953,
            "max": 0.1333486850295837,
            "count": 10
        },
        "MoveToTargetSimulated.Losses.ValueLoss.mean": {
            "value": 0.38638998607794445,
            "min": 0.05655742640296618,
            "max": 0.38638998607794445,
            "count": 10
        },
        "MoveToTargetSimulated.Losses.ValueLoss.sum": {
            "value": 1.9319499303897223,
            "min": 0.2827871320148309,
            "max": 1.9319499303897223,
            "count": 10
        },
        "MoveToTargetSimulated.Policy.LearningRate.mean": {
            "value": 1.70664943112e-05,
            "min": 1.70664943112e-05,
            "max": 0.00028463340512219996,
            "count": 10
        },
        "MoveToTargetSimulated.Policy.LearningRate.sum": {
            "value": 8.533247155599999e-05,
            "min": 8.533247155599999e-05,
            "max": 0.0012847734717422,
            "count": 10
        },
        "MoveToTargetSimulated.Policy.Epsilon.mean": {
            "value": 0.1056888,
            "min": 0.1056888,
            "max": 0.19487780000000002,
            "count": 10
        },
        "MoveToTargetSimulated.Policy.Epsilon.sum": {
            "value": 0.528444,
            "min": 0.45964200000000005,
            "max": 0.9282577999999999,
            "count": 10
        },
        "MoveToTargetSimulated.Policy.Beta.mean": {
            "value": 0.0002938711199999999,
            "min": 0.0002938711199999999,
            "max": 0.004744402219999999,
            "count": 10
        },
        "MoveToTargetSimulated.Policy.Beta.sum": {
            "value": 0.0014693555999999997,
            "min": 0.0014693555999999997,
            "max": 0.021420064220000003,
            "count": 10
        },
        "MoveToTargetSimulated.IsTraining.mean": {
            "value": 1.0,
            "min": 1.0,
            "max": 1.0,
            "count": 10
        },
        "MoveToTargetSimulated.IsTraining.sum": {
            "value": 1.0,
            "min": 1.0,
            "max": 1.0,
            "count": 10
        },
        "IRL.Policy.Entropy.mean": {
            "value": 1.5012762546539307,
            "min": 1.4227293729782104,
            "max": 1.5015900135040283,
            "count": 10
        },
        "IRL.Policy.Entropy.sum": {
            "value": 74943.7109375,
            "min": 71328.3203125,
            "max": 74959.375,
            "count": 10
        },
        "IRL.Step.mean": {
            "value": 499968.0,
            "min": 49984.0,
            "max": 499968.0,
            "count": 10
        },
        "IRL.Step.sum": {
            "value": 499968.0,
            "min": 49984.0,
            "max": 499968.0,
            "count": 10
        },
        "IRL.Policy.ExtrinsicValueEstimate.mean": {
            "value": 172.2716827392578,
            "min": 0.8504958152770996,
            "max": 172.2716827392578,
            "count": 10
        },
        "IRL.Policy.ExtrinsicValueEstimate.sum": {
            "value": 134544.1875,
            "min": 664.2372436523438,
            "max": 134544.1875,
            "count": 10
        },
        "IRL.Losses.PolicyLoss.mean": {
            "value": 0.021789654260501265,
            "min": 0.0189785485357667,
            "max": 0.028272419574980934,
            "count": 10
        },
        "IRL.Losses.PolicyLoss.sum": {
            "value": 0.10894827130250632,
            "min": 0.08036547572895264,
            "max": 0.14136209787490467,
            "count": 10
        },
        "IRL.Losses.ValueLoss.mean": {
            "value": 1481.1922322591145,
            "min": 762.2179337565103,
            "max": 1553.044599609375,
            "count": 10
        },
        "IRL.Losses.ValueLoss.sum": {
            "value": 7405.961161295572,
            "min": 3283.690498860677,
            "max": 7765.222998046875,
            "count": 10
        },
        "IRL.Policy.LearningRate.mean": {
            "value": 1.4457695180800001e-05,
            "min": 1.4457695180800001e-05,
            "max": 0.000283776005408,
            "count": 10
        },
        "IRL.Policy.LearningRate.sum": {
            "value": 7.2288475904e-05,
            "min": 7.2288475904e-05,
            "max": 0.0012728640757119999,
            "count": 10
        },
        "IRL.Policy.Epsilon.mean": {
            "value": 0.10481920000000003,
            "min": 0.10481920000000003,
            "max": 0.19459200000000004,
            "count": 10
        },
        "IRL.Policy.Epsilon.sum": {
            "value": 0.5240960000000001,
            "min": 0.5014784,
            "max": 0.9242879999999999,
            "count": 10
        },
        "IRL.Policy.Beta.mean": {
            "value": 0.00025047808000000006,
            "min": 0.00025047808000000006,
            "max": 0.004730140800000001,
            "count": 10
        },
        "IRL.Policy.Beta.sum": {
            "value": 0.0012523904000000003,
            "min": 0.0012523904000000003,
            "max": 0.021221971200000005,
            "count": 10
        },
        "IRL.IsTraining.mean": {
            "value": 1.0,